{"cameraMode":{"drawMode":0,"name":"Shaded","section":"Shading Mode"},"sceneLighting":false,"audioPlay":false,"sceneViewState":{"showFog":true,"showMaterialUpdate":false,"showSkybox":true,"showFlares":true,"showImageEffects":true,"showParticleSystems":true},"in2DMode":false,"pivot":{"x":1.2723493576049805,"y":6.540264129638672,"z":3.6578145027160646},"rotation":{"x":0.1353345513343811,"y":0.3829185664653778,"z":-0.05681931599974632,"w":0.9120496511459351},"size":14.888812065124512,"orthographic":false}