{"cameraMode":{"drawMode":0,"name":"Shaded","section":"Shading Mode"},"sceneLighting":false,"audioPlay":false,"sceneViewState":{"showFog":true,"showMaterialUpdate":false,"showSkybox":true,"showFlares":true,"showImageEffects":true,"showParticleSystems":true},"in2DMode":false,"pivot":{"x":0.8168830871582031,"y":2.8681023120880129,"z":1.7401279211044312},"rotation":{"x":0.22435615956783296,"y":0.4442303478717804,"z":-0.11594699323177338,"w":0.8595828413963318},"size":5.241659164428711,"orthographic":false}